,serotype,0,1,2,3,4,5,6,7,8,9,10,11,12,13,14,15,16,17,18,19,20,21,22,23,24,25,0.1,1.1,2.1,3.1,4.1,5.1,6.1,7.1,8.1,9.1,10.1,11.1,12.1,13.1,14.1,15.1,16.1,0.2,1.2,2.2,3.2,4.2,5.2,6.2,7.2,8.2,9.2,10.2,11.2,12.2,13.2,14.2,15.2,16.2,17.1,18.1,19.1,20.1,21.1,22.1,0.3,1.3,2.3,3.3,4.3,5.3,6.3,7.3,8.3,9.3,10.3,11.3,12.3,13.3,14.3,15.3,16.3,17.2,18.2,19.2,20.2,21.2,22.2,23.1,24.1,25.1,26,27,28,29,30,31,32,33,34,35,0.4,1.4,2.4,3.4,4.4,5.4,6.4,7.4,8.4,9.4,10.4,11.4,12.4,13.4,14.4,15.4,16.4,17.3,18.3,19.3,20.3,21.3,22.3,23.2,24.2,25.2,26.1,27.1,28.1,29.1,30.1,31.1,32.1,33.1,34.1,35.1,36,37,38,39,40,41,42,43,44,45,46,47,48,49,50,51,0.5,1.5,2.5,3.5,4.5,5.5,6.5,7.5,8.5,9.5,10.5,11.5,12.5,13.5,14.5,15.5,16.5,17.4,18.4,19.4,20.4,21.4,22.4,23.3,24.3,25.3,26.2,27.2,28.2,29.2,30.2,31.2,32.2,33.2,34.2,35.2,36.1,37.1,38.1,39.1,40.1,41.1,42.1,43.1,44.1,45.1,46.1,47.1,48.1,49.1,50.1,51.1,52,53,54,55,56,57,58,59,60,61,62,63,0.6,1.6,2.6,3.6,4.6,5.6,6.6,7.6,8.6,9.6,10.6,11.6,12.6,13.6,14.6,15.6,16.6,17.5,18.5,19.5,20.5,21.5,22.5,23.4,0.7,1.7,2.7,3.7,4.7,5.7,6.7,7.7,8.7,9.7,10.7,11.7,12.7,13.7,14.7,15.7,16.7,17.6,18.6,19.6,20.6,21.6,0.8,1.8,2.8,3.8,4.8,5.8,6.8,7.8,8.8,9.8,10.8,11.8,12.8,13.8,14.8,15.8,16.8
0,CVB1,,89.09,121.16,117.15,181.19,181.19,89.09,119.12,181.19,119.12,-,-,-,-,132.12,132.12,105.09,146.19,146.19,75.07,165.19,89.09,147.13,204.23,117.15,,,131.17,132.12,119.12,174.2,146.15,117.15,89.09,146.15,131.17,174.2,174.2,146.19,131.17,147.13,131.17,,,115.13,115.13,75.07,75.07,115.13,117.15,115.13,119.12,146.19,117.15,146.19,133.1,181.19,89.09,204.23,146.15,119.12,105.09,119.12,132.12,115.13,,,115.13,165.19,131.17,105.09,131.17,75.07,132.12,89.09,181.19,105.09,121.16,165.19,181.19,133.1,75.07,204.23,119.12,146.15,165.19,105.09,174.2,132.12,75.07,117.15,181.19,75.07,131.17,132.12,119.12,131.17,132.12,132.12,149.21,75.07,,,174.2,115.13,115.13,174.2,131.17,121.16,146.15,181.19,147.13,146.19,146.15,146.19,132.12,117.15,132.12,165.19,105.09,115.13,131.17,75.07,117.15,119.12,119.12,105.09,174.2,119.12,133.1,131.17,131.17,119.12,119.12,-,-,-,-,-,-,-,-,-,-,-,-,-,-,-,-,-,-,-,,,115.13,147.13,89.09,147.13,149.21,75.07,121.16,105.09,132.12,131.17,132.12,132.12,119.12,115.13,147.13,165.19,105.09,147.13,131.17,105.09,75.07,75.07,133.1,105.09,89.09,174.2,149.21,165.19,119.12,133.1,119.12,146.15,117.15,75.07,-,147.13,105.09,132.12,89.09,146.19,146.19,117.15,146.15,119.12,89.09,117.15,204.23,132.12,89.09,75.07,149.21,75.07,117.15,75.07,117.15,75.07,132.12,131.17,119.12,131.17,165.19,115.13,,,131.17,146.15,115.13,75.07,89.09,132.12,132.12,117.15,131.17,132.12,174.2,119.12,131.17,131.17,75.07,147.13,131.17,131.17,132.12,181.19,181.19,119.12,,,115.13,204.23,131.17,105.09,146.15,119.12,155.16,181.19,174.2,181.19,117.15,117.15,147.13,133.1,147.13,181.19,119.12,89.09,89.09,75.07,,,149.21,131.17,146.19,133.1,119.12,115.13,165.19,131.17,174.2,146.15,133.1,119.12,165.19,181.19,146.15,
1,CVB2,,89.09,121.16,117.15,165.19,181.19,119.12,119.12,181.19,119.12,132.12,105.09,146.19,132.12,89.09,89.09,146.19,147.13,146.19,146.19,165.19,89.09,119.12,204.23,146.19,,,117.15,105.09,117.15,174.2,146.15,89.09,89.09,146.15,131.17,174.2,174.2,146.19,131.17,147.13,131.17,,,115.13,115.13,75.07,75.07,115.13,117.15,115.13,147.13,119.12,117.15,133.1,133.1,181.19,132.12,204.23,146.15,119.12,105.09,119.12,132.12,115.13,,,115.13,165.19,149.21,105.09,131.17,75.07,132.12,89.09,181.19,105.09,149.21,165.19,181.19,133.1,75.07,204.23,105.09,147.13,165.19,174.2,155.16,133.1,75.07,117.15,181.19,75.07,131.17,132.12,119.12,131.17,132.12,132.12,149.21,75.07,,,174.2,115.13,115.13,174.2,131.17,89.09,146.15,181.19,131.17,146.19,89.09,132.12,132.12,117.15,132.12,165.19,146.19,131.17,119.12,133.1,117.15,119.12,147.13,146.19,174.2,133.1,105.09,131.17,119.12,119.12,-,-,-,-,-,-,-,-,-,-,-,119.12,75.07,89.09,165.19,75.07,146.15,146.15,105.09,75.07,,,115.13,147.13,89.09,147.13,149.21,75.07,121.16,119.12,132.12,146.19,147.13,132.12,119.12,115.13,131.17,165.19,147.13,146.19,131.17,121.16,75.07,146.15,133.1,132.12,89.09,146.19,147.13,165.19,119.12,174.2,147.13,75.07,115.13,119.12,131.17,105.09,146.19,75.07,89.09,119.12,133.1,117.15,146.15,119.12,89.09,117.15,121.16,132.12,89.09,75.07,149.21,75.07,117.15,75.07,117.15,75.07,132.12,131.17,119.12,131.17,165.19,115.13,,,131.17,146.15,115.13,75.07,89.09,105.09,105.09,117.15,131.17,146.15,174.2,119.12,131.17,131.17,75.07,147.13,131.17,131.17,132.12,181.19,181.19,119.12,,,115.13,204.23,131.17,105.09,146.15,119.12,155.16,181.19,174.2,181.19,119.12,117.15,146.19,133.1,147.13,181.19,119.12,133.1,105.09,75.07,,,149.21,131.17,174.2,133.1,119.12,174.2,165.19,131.17,146.19,146.15,119.12,89.09,165.19,181.19,146.15,
2,CVB3,,89.09,121.16,117.15,181.19,165.19,119.12,147.13,181.19,147.13,-,-,-,-,132.12,105.09,75.07,89.09,146.19,174.2,181.19,89.09,147.13,204.23,117.15,,,131.17,119.12,115.13,174.2,146.15,89.09,89.09,146.15,131.17,174.2,174.2,146.19,131.17,147.13,165.19,,,115.13,115.13,75.07,75.07,115.13,117.15,115.13,133.1,146.19,117.15,133.1,105.09,181.19,117.15,204.23,146.15,119.12,105.09,119.12,132.12,115.13,,,115.13,165.19,131.17,105.09,131.17,75.07,132.12,89.09,181.19,105.09,132.12,165.19,181.19,133.1,75.07,204.23,105.09,147.13,165.19,105.09,174.2,132.12,75.07,117.15,181.19,75.07,131.17,132.12,119.12,131.17,132.12,132.12,149.21,75.07,,,174.2,115.13,115.13,174.2,131.17,121.16,146.15,181.19,147.13,146.19,89.09,146.19,132.12,117.15,132.12,165.19,146.15,115.13,105.09,75.07,117.15,119.12,119.12,119.12,174.2,146.15,105.09,131.17,119.12,119.12,-,-,-,-,-,-,-,-,-,-,-,-,-,-,-,-,-,-,-,-,,,115.13,147.13,89.09,147.13,149.21,75.07,121.16,89.09,119.12,131.17,132.12,132.12,119.12,115.13,105.09,105.09,89.09,147.13,131.17,131.17,75.07,75.07,133.1,119.12,89.09,146.19,147.13,165.19,89.09,133.1,146.19,115.13,117.15,89.09,-,105.09,75.07,105.09,132.12,146.19,131.17,117.15,146.15,174.2,117.15,117.15,181.19,132.12,89.09,75.07,149.21,75.07,117.15,75.07,117.15,75.07,132.12,131.17,119.12,131.17,165.19,115.13,,,131.17,146.15,115.13,75.07,181.19,105.09,105.09,117.15,165.19,105.09,174.2,119.12,131.17,131.17,75.07,147.13,131.17,131.17,132.12,181.19,181.19,119.12,,,115.13,204.23,131.17,105.09,146.15,119.12,155.16,181.19,174.2,181.19,117.15,89.09,105.09,133.1,147.13,181.19,119.12,89.09,75.07,75.07,,,131.17,131.17,146.19,133.1,119.12,115.13,165.19,131.17,105.09,146.15,147.13,132.12,165.19,165.19,146.15,
3,CVB4,,89.09,121.16,117.15,131.17,181.19,131.17,146.19,181.19,105.09,105.09,89.09,147.13,-,105.09,132.12,132.12,131.17,146.19,174.2,181.19,89.09,147.13,204.23,117.15,,,131.17,132.12,119.12,174.2,146.15,117.15,89.09,146.15,131.17,174.2,174.2,146.19,149.21,147.13,149.21,,,115.13,115.13,75.07,75.07,115.13,117.15,115.13,119.12,105.09,117.15,132.12,133.1,181.19,117.15,204.23,146.15,119.12,105.09,119.12,132.12,115.13,,,115.13,165.19,149.21,105.09,131.17,75.07,132.12,89.09,181.19,119.12,149.21,165.19,181.19,133.1,75.07,204.23,105.09,132.12,165.19,105.09,174.2,133.1,75.07,131.17,181.19,75.07,181.19,132.12,105.09,131.17,132.12,132.12,149.21,75.07,,,174.2,115.13,115.13,174.2,131.17,121.16,146.15,181.19,146.19,146.19,89.09,146.19,105.09,117.15,132.12,165.19,133.1,117.15,147.13,89.09,117.15,119.12,89.09,147.13,174.2,89.09,105.09,131.17,131.17,119.12,-,-,-,-,-,-,-,-,-,-,-,119.12,75.07,115.13,181.19,75.07,155.16,146.15,105.09,75.07,,,115.13,147.13,89.09,147.13,149.21,75.07,121.16,119.12,132.12,89.09,147.13,132.12,89.09,115.13,89.09,181.19,75.07,133.1,131.17,121.16,75.07,75.07,147.13,119.12,89.09,146.19,105.09,165.19,147.13,146.15,132.12,89.09,89.09,119.12,-,-,-,75.07,146.19,119.12,89.09,117.15,146.15,119.12,89.09,117.15,121.16,132.12,89.09,75.07,149.21,75.07,117.15,75.07,117.15,75.07,132.12,131.17,119.12,131.17,181.19,115.13,,,131.17,146.15,115.13,75.07,89.09,105.09,105.09,117.15,131.17,146.15,174.2,119.12,131.17,131.17,75.07,147.13,131.17,131.17,132.12,181.19,181.19,119.12,,,115.13,204.23,131.17,105.09,146.15,119.12,155.16,181.19,174.2,181.19,117.15,117.15,133.1,133.1,146.19,181.19,119.12,89.09,105.09,75.07,,,149.21,131.17,174.2,133.1,119.12,146.15,165.19,131.17,146.19,146.15,119.12,132.12,165.19,181.19,146.15,
4,CVB5,,89.09,121.16,117.15,181.19,181.19,119.12,119.12,181.19,146.19,132.12,155.16,-,-,75.07,119.12,133.1,75.07,133.1,132.12,165.19,89.09,146.15,204.23,117.15,,,131.17,132.12,119.12,174.2,146.15,117.15,89.09,146.15,131.17,174.2,174.2,146.19,131.17,147.13,149.21,,,115.13,115.13,75.07,75.07,115.13,117.15,115.13,119.12,146.19,117.15,132.12,105.09,181.19,105.09,204.23,146.15,119.12,105.09,119.12,132.12,115.13,,,115.13,165.19,131.17,105.09,131.17,75.07,132.12,89.09,181.19,105.09,149.21,165.19,181.19,133.1,75.07,204.23,89.09,174.2,165.19,133.1,146.19,146.15,75.07,119.12,181.19,75.07,131.17,132.12,119.12,131.17,132.12,132.12,149.21,75.07,,,174.2,115.13,115.13,174.2,131.17,121.16,146.15,181.19,146.15,146.19,89.09,75.07,132.12,117.15,132.12,165.19,147.13,115.13,105.09,75.07,117.15,119.12,147.13,75.07,174.2,119.12,133.1,131.17,119.12,119.12,-,-,-,-,-,-,-,-,149.21,146.15,119.12,119.12,75.07,89.09,165.19,75.07,146.15,146.15,105.09,75.07,,,115.13,147.13,89.09,147.13,149.21,75.07,121.16,89.09,119.12,131.17,89.09,132.12,146.19,115.13,133.1,146.15,146.19,105.09,131.17,105.09,132.12,75.07,147.13,119.12,89.09,132.12,117.15,165.19,147.13,105.09,146.15,132.12,105.09,105.09,-,-,-,75.07,146.15,119.12,89.09,117.15,146.15,89.09,132.12,117.15,131.17,132.12,89.09,75.07,149.21,75.07,131.17,75.07,117.15,75.07,132.12,131.17,119.12,131.17,165.19,115.13,,,131.17,119.12,115.13,75.07,89.09,105.09,105.09,117.15,131.17,132.12,174.2,119.12,131.17,131.17,75.07,147.13,131.17,131.17,132.12,181.19,181.19,119.12,,,115.13,204.23,131.17,105.09,146.15,119.12,155.16,181.19,174.2,181.19,117.15,117.15,149.21,133.1,147.13,181.19,119.12,89.09,75.07,75.07,,,149.21,131.17,146.19,133.1,119.12,115.13,165.19,131.17,146.19,146.15,133.1,105.09,165.19,165.19,146.15,
5,CVB6,,89.09,121.16,117.15,181.19,165.19,119.12,119.12,181.19,146.19,132.12,146.15,-,-,119.12,75.07,89.09,119.12,132.12,174.2,165.19,89.09,105.09,204.23,117.15,,,131.17,119.12,119.12,174.2,146.15,117.15,89.09,146.15,131.17,174.2,174.2,146.19,131.17,147.13,149.21,,,115.13,115.13,75.07,75.07,115.13,117.15,115.13,119.12,146.19,117.15,133.1,133.1,181.19,89.09,204.23,146.15,119.12,105.09,119.12,132.12,115.13,,,115.13,165.19,149.21,105.09,131.17,75.07,132.12,89.09,181.19,105.09,119.12,165.19,181.19,133.1,75.07,204.23,105.09,133.1,165.19,105.09,132.12,146.19,75.07,131.17,181.19,75.07,131.17,132.12,119.12,131.17,132.12,132.12,149.21,75.07,,,174.2,115.13,115.13,174.2,131.17,121.16,146.15,181.19,146.19,119.12,105.09,174.2,146.15,117.15,132.12,165.19,119.12,117.15,119.12,75.07,117.15,119.12,147.13,105.09,174.2,89.09,132.12,131.17,119.12,119.12,-,-,-,-,-,-,-,-,149.21,132.12,119.12,119.12,75.07,89.09,165.19,75.07,146.15,146.15,105.09,75.07,,,115.13,147.13,89.09,147.13,149.21,75.07,121.16,105.09,132.12,131.17,132.12,132.12,89.09,115.13,131.17,89.09,89.09,133.1,131.17,105.09,89.09,75.07,147.13,117.15,89.09,174.2,146.15,165.19,119.12,117.15,147.13,115.13,89.09,132.12,-,-,-,75.07,146.15,132.12,146.15,117.15,146.15,119.12,89.09,117.15,155.16,132.12,89.09,89.09,149.21,75.07,117.15,89.09,117.15,75.07,132.12,131.17,119.12,131.17,165.19,115.13,,,131.17,146.15,115.13,75.07,89.09,105.09,105.09,117.15,165.19,146.15,174.2,119.12,131.17,131.17,75.07,147.13,131.17,131.17,132.12,181.19,181.19,119.12,,,115.13,204.23,131.17,105.09,146.15,119.12,155.16,181.19,174.2,165.19,117.15,117.15,89.09,133.1,147.13,181.19,119.12,89.09,75.07,75.07,,,149.21,131.17,174.2,133.1,119.12,146.19,165.19,131.17,105.09,146.15,119.12,89.09,165.19,181.19,146.15,
6,E1,,89.09,121.16,117.15,165.19,181.19,131.17,147.13,181.19,146.19,119.12,75.07,119.12,-,146.19,147.13,133.1,105.09,132.12,105.09,165.19,132.12,132.12,204.23,117.15,,,131.17,119.12,119.12,174.2,174.2,117.15,89.09,146.15,131.17,174.2,174.2,146.19,131.17,147.13,149.21,,,115.13,115.13,75.07,75.07,115.13,131.17,115.13,117.15,105.09,117.15,133.1,133.1,181.19,105.09,204.23,146.15,119.12,105.09,119.12,132.12,115.13,,,115.13,165.19,131.17,105.09,131.17,75.07,132.12,89.09,181.19,105.09,132.12,165.19,181.19,133.1,75.07,204.23,105.09,155.16,165.19,105.09,146.15,89.09,75.07,117.15,181.19,75.07,165.19,119.12,119.12,131.17,132.12,132.12,149.21,75.07,,,174.2,115.13,115.13,174.2,131.17,121.16,115.13,181.19,131.17,132.12,105.09,119.12,132.12,117.15,132.12,165.19,147.13,115.13,146.19,115.13,117.15,119.12,147.13,117.15,174.2,119.12,132.12,131.17,131.17,119.12,-,-,-,-,-,-,-,-,-,-,-,119.12,75.07,89.09,165.19,75.07,146.15,146.15,105.09,75.07,,,115.13,147.13,89.09,147.13,149.21,75.07,105.09,89.09,146.15,119.12,105.09,75.07,117.15,117.15,132.12,181.19,147.13,155.16,131.17,105.09,146.19,75.07,147.13,131.17,89.09,105.09,174.2,165.19,119.12,119.12,119.12,119.12,119.12,89.09,-,-,-,147.13,133.1,155.16,75.07,117.15,146.15,89.09,89.09,117.15,204.23,132.12,89.09,75.07,149.21,75.07,117.15,75.07,117.15,75.07,132.12,131.17,119.12,131.17,165.19,115.13,,,131.17,132.12,115.13,75.07,89.09,147.13,105.09,117.15,149.21,132.12,174.2,119.12,131.17,149.21,75.07,147.13,131.17,131.17,132.12,181.19,181.19,89.09,,,115.13,204.23,131.17,105.09,146.15,119.12,155.16,181.19,174.2,165.19,117.15,147.13,146.19,133.1,115.13,181.19,119.12,132.12,89.09,75.07,,,149.21,131.17,174.2,133.1,119.12,146.19,165.19,131.17,147.13,146.15,119.12,105.09,165.19,181.19,146.15,
7,E3,,89.09,121.16,117.15,181.19,131.17,119.12,119.12,181.19,146.19,105.09,89.09,75.07,-,75.07,119.12,115.13,119.12,147.13,174.2,181.19,89.09,105.09,204.23,174.2,,,131.17,132.12,119.12,174.2,146.15,149.21,117.15,146.15,131.17,174.2,174.2,146.19,165.19,147.13,131.17,,,115.13,115.13,75.07,75.07,115.13,117.15,115.13,132.12,105.09,89.09,119.12,133.1,165.19,89.09,204.23,146.15,105.09,105.09,119.12,132.12,115.13,,,115.13,165.19,131.17,105.09,131.17,75.07,132.12,89.09,181.19,119.12,132.12,165.19,181.19,133.1,75.07,204.23,105.09,155.16,165.19,119.12,146.15,147.13,75.07,117.15,181.19,75.07,165.19,132.12,105.09,131.17,132.12,132.12,149.21,75.07,,,174.2,115.13,115.13,174.2,131.17,121.16,115.13,181.19,119.12,146.19,105.09,105.09,132.12,117.15,132.12,165.19,146.19,115.13,119.12,89.09,117.15,119.12,133.1,147.13,174.2,146.19,133.1,131.17,132.12,133.1,117.15,75.07,119.12,131.17,174.2,115.13,119.12,147.13,181.19,119.12,132.12,155.16,75.07,89.09,165.19,75.07,146.15,146.15,105.09,75.07,,,115.13,147.13,89.09,147.13,149.21,75.07,121.16,105.09,133.1,117.15,147.13,174.2,147.13,117.15,117.15,89.09,89.09,105.09,131.17,105.09,105.09,147.13,133.1,119.12,89.09,146.19,105.09,165.19,105.09,174.2,119.12,147.13,105.09,132.12,-,-,-,75.07,146.15,155.16,119.12,117.15,146.15,119.12,89.09,117.15,181.19,132.12,89.09,75.07,149.21,75.07,117.15,75.07,117.15,75.07,132.12,131.17,119.12,131.17,165.19,115.13,,,149.21,146.15,115.13,75.07,131.17,132.12,105.09,117.15,165.19,146.19,174.2,119.12,131.17,131.17,75.07,147.13,131.17,131.17,132.12,181.19,181.19,89.09,,,115.13,204.23,131.17,105.09,146.15,119.12,155.16,181.19,174.2,131.17,117.15,146.15,146.15,133.1,147.13,181.19,119.12,105.09,89.09,75.07,,,149.21,131.17,174.2,133.1,119.12,115.13,165.19,131.17,147.13,146.15,119.12,146.15,131.17,131.17,146.15,
8,E6,,89.09,121.16,117.15,181.19,131.17,117.15,147.13,181.19,146.19,119.12,174.2,133.1,-,133.1,119.12,115.13,133.1,146.19,149.21,181.19,133.1,105.09,204.23,117.15,,,131.17,132.12,119.12,174.2,146.15,117.15,89.09,146.15,131.17,174.2,174.2,146.19,131.17,147.13,165.19,,,115.13,115.13,75.07,75.07,115.13,131.17,115.13,146.15,89.09,117.15,133.1,133.1,181.19,132.12,204.23,146.15,119.12,105.09,119.12,132.12,115.13,,,115.13,165.19,149.21,105.09,117.15,75.07,132.12,89.09,181.19,105.09,132.12,165.19,181.19,133.1,75.07,204.23,105.09,155.16,165.19,105.09,146.15,119.12,75.07,117.15,181.19,75.07,165.19,132.12,119.12,131.17,132.12,132.12,149.21,75.07,,,174.2,115.13,115.13,174.2,131.17,121.16,147.13,181.19,119.12,155.16,146.19,133.1,132.12,117.15,133.1,165.19,147.13,115.13,146.19,75.07,117.15,119.12,119.12,105.09,174.2,119.12,146.15,131.17,119.12,-,-,-,-,-,-,-,-,-,-,-,-,-,-,-,-,-,-,-,-,-,,,115.13,147.13,89.09,147.13,149.21,75.07,89.09,89.09,132.12,131.17,132.12,147.13,146.19,131.17,132.12,174.2,147.13,155.16,131.17,105.09,132.12,75.07,147.13,117.15,89.09,132.12,119.12,165.19,105.09,75.07,119.12,146.19,105.09,105.09,-,-,-,132.12,119.12,132.12,133.1,117.15,146.15,146.15,89.09,117.15,165.19,132.12,89.09,75.07,149.21,75.07,117.15,89.09,117.15,75.07,132.12,131.17,119.12,131.17,165.19,115.13,,,131.17,146.15,115.13,75.07,89.09,133.1,119.12,117.15,149.21,147.13,174.2,119.12,131.17,131.17,75.07,147.13,131.17,131.17,132.12,181.19,181.19,89.09,,,115.13,204.23,131.17,105.09,146.15,119.12,155.16,181.19,174.2,165.19,117.15,105.09,146.19,133.1,131.17,181.19,119.12,133.1,89.09,75.07,,,131.17,131.17,174.2,133.1,105.09,115.13,165.19,117.15,174.2,146.15,119.12,89.09,165.19,181.19,146.15,
9,E7,,89.09,121.16,117.15,181.19,131.17,147.13,147.13,181.19,181.19,119.12,146.19,133.1,-,146.15,133.1,132.12,117.15,132.12,174.2,181.19,149.21,105.09,204.23,119.12,,,131.17,132.12,89.09,174.2,174.2,149.21,117.15,146.15,131.17,174.2,174.2,146.19,165.19,147.13,131.17,,,115.13,115.13,75.07,75.07,115.13,117.15,115.13,132.12,105.09,117.15,119.12,133.1,165.19,89.09,204.23,146.15,119.12,105.09,119.12,132.12,115.13,,,115.13,165.19,131.17,105.09,131.17,75.07,132.12,89.09,181.19,105.09,132.12,165.19,181.19,133.1,75.07,204.23,105.09,155.16,165.19,105.09,146.15,132.12,75.07,117.15,181.19,75.07,181.19,132.12,89.09,131.17,132.12,132.12,149.21,75.07,,,174.2,115.13,115.13,174.2,131.17,105.09,115.13,181.19,131.17,146.19,105.09,105.09,132.12,117.15,132.12,165.19,132.12,115.13,119.12,132.12,131.17,119.12,133.1,147.13,174.2,105.09,105.09,131.17,119.12,181.19,117.15,115.13,133.1,119.12,131.17,174.2,115.13,133.1,117.15,174.2,119.12,132.12,75.07,89.09,165.19,75.07,146.15,146.15,105.09,75.07,,,115.13,147.13,89.09,147.13,149.21,75.07,121.16,105.09,146.15,119.12,133.1,146.19,147.13,117.15,89.09,89.09,149.21,132.12,131.17,119.12,146.19,75.07,147.13,89.09,89.09,155.16,146.19,165.19,147.13,115.13,119.12,146.19,119.12,119.12,-,-,-,75.07,146.15,155.16,119.12,117.15,146.15,105.09,131.17,117.15,121.16,132.12,89.09,75.07,149.21,75.07,117.15,75.07,117.15,75.07,132.12,131.17,119.12,131.17,181.19,115.13,,,149.21,146.15,115.13,75.07,131.17,147.13,105.09,117.15,165.19,146.19,174.2,119.12,131.17,149.21,75.07,147.13,131.17,131.17,132.12,181.19,181.19,89.09,,,115.13,204.23,131.17,105.09,146.15,119.12,155.16,181.19,174.2,131.17,117.15,146.15,146.15,133.1,147.13,181.19,119.12,105.09,89.09,75.07,,,149.21,131.17,174.2,133.1,119.12,115.13,165.19,131.17,75.07,146.15,119.12,89.09,131.17,131.17,146.15,
10,E11,,89.09,121.16,117.15,181.19,149.21,75.07,75.07,181.19,155.16,119.12,119.12,132.12,-,119.12,133.1,146.15,119.12,146.19,131.17,165.19,89.09,105.09,204.23,119.12,,,131.17,105.09,89.09,174.2,174.2,149.21,117.15,146.15,149.21,174.2,174.2,146.19,131.17,147.13,131.17,,,115.13,115.13,75.07,75.07,115.13,131.17,115.13,146.19,105.09,117.15,119.12,133.1,181.19,89.09,204.23,146.15,119.12,105.09,119.12,132.12,115.13,,,115.13,165.19,131.17,105.09,131.17,75.07,132.12,89.09,181.19,105.09,132.12,165.19,181.19,133.1,75.07,204.23,105.09,155.16,165.19,105.09,146.15,132.12,75.07,117.15,181.19,75.07,181.19,132.12,119.12,131.17,132.12,155.16,149.21,75.07,,,174.2,115.13,115.13,174.2,131.17,121.16,146.15,181.19,146.19,132.12,89.09,105.09,119.12,117.15,132.12,165.19,119.12,115.13,119.12,132.12,117.15,119.12,133.1,146.19,174.2,119.12,105.09,131.17,132.12,181.19,131.17,115.13,147.13,119.12,117.15,146.19,115.13,133.1,131.17,105.09,132.12,181.19,75.07,89.09,165.19,75.07,181.19,146.15,105.09,75.07,,,115.13,147.13,89.09,147.13,149.21,75.07,121.16,105.09,146.15,117.15,133.1,75.07,119.12,117.15,132.12,147.13,155.16,75.07,131.17,105.09,147.13,75.07,147.13,119.12,89.09,146.19,146.19,165.19,105.09,105.09,119.12,105.09,119.12,132.12,-,-,-,75.07,119.12,132.12,119.12,117.15,146.15,119.12,131.17,117.15,119.12,132.12,89.09,75.07,149.21,75.07,117.15,75.07,117.15,75.07,132.12,131.17,119.12,131.17,181.19,115.13,,,117.15,146.15,115.13,75.07,131.17,133.1,105.09,117.15,165.19,146.19,155.16,119.12,131.17,131.17,75.07,147.13,131.17,131.17,132.12,181.19,165.19,89.09,,,115.13,204.23,131.17,105.09,146.15,119.12,155.16,181.19,174.2,131.17,117.15,146.15,146.15,133.1,147.13,181.19,119.12,105.09,89.09,75.07,,,131.17,131.17,146.19,133.1,119.12,115.13,165.19,131.17,147.13,146.15,119.12,89.09,131.17,131.17,146.15,
11,E18,,89.09,121.16,117.15,165.19,149.21,133.1,146.15,181.19,146.19,131.17,132.12,75.07,147.13,147.13,119.12,105.09,119.12,133.1,174.2,165.19,89.09,117.15,204.23,119.12,,,131.17,132.12,131.17,174.2,147.13,149.21,89.09,146.15,131.17,174.2,174.2,146.19,121.16,147.13,149.21,,,115.13,115.13,75.07,75.07,115.13,131.17,115.13,89.09,146.19,117.15,133.1,75.07,181.19,147.13,204.23,146.15,119.12,105.09,119.12,132.12,115.13,,,115.13,165.19,131.17,105.09,117.15,75.07,132.12,89.09,181.19,105.09,105.09,165.19,181.19,133.1,75.07,204.23,105.09,155.16,165.19,119.12,146.15,133.1,75.07,119.12,181.19,75.07,181.19,119.12,119.12,131.17,132.12,89.09,149.21,75.07,,,174.2,115.13,115.13,174.2,131.17,121.16,115.13,181.19,131.17,132.12,146.19,174.2,133.1,117.15,132.12,165.19,117.15,117.15,119.12,147.13,131.17,119.12,133.1,105.09,174.2,119.12,105.09,131.17,119.12,133.1,119.12,115.13,155.16,115.13,147.13,155.16,105.09,117.15,131.17,89.09,119.12,155.16,75.07,89.09,165.19,75.07,146.15,146.15,105.09,75.07,,,115.13,147.13,89.09,147.13,149.21,75.07,121.16,89.09,133.1,119.12,133.1,119.12,119.12,165.19,115.13,89.09,119.12,147.13,131.17,119.12,119.12,147.13,133.1,119.12,115.13,155.16,117.15,165.19,119.12,105.09,133.1,105.09,131.17,119.12,-,-,-,75.07,146.19,146.19,-,117.15,146.15,89.09,89.09,117.15,121.16,132.12,89.09,75.07,149.21,75.07,117.15,75.07,117.15,75.07,132.12,131.17,119.12,131.17,165.19,115.13,,,149.21,133.1,115.13,75.07,181.19,105.09,105.09,117.15,131.17,146.19,174.2,119.12,131.17,131.17,75.07,147.13,149.21,131.17,132.12,181.19,181.19,89.09,,,115.13,204.23,131.17,105.09,146.15,105.09,155.16,181.19,174.2,149.21,117.15,146.15,146.15,133.1,115.13,181.19,119.12,105.09,89.09,75.07,,,131.17,131.17,174.2,133.1,119.12,115.13,165.19,149.21,89.09,146.15,115.13,75.07,146.19,131.17,146.15,
12,E30,,89.09,121.16,117.15,181.19,131.17,89.09,146.15,181.19,89.09,119.12,147.13,146.19,117.15,132.12,133.1,147.13,131.17,133.1,174.2,181.19,119.12,132.12,204.23,147.13,,,131.17,119.12,119.12,174.2,146.15,117.15,89.09,146.15,131.17,174.2,174.2,146.19,131.17,147.13,149.21,,,115.13,115.13,75.07,75.07,115.13,131.17,115.13,146.19,105.09,181.19,147.13,133.1,165.19,89.09,204.23,146.15,119.12,105.09,119.12,132.12,115.13,,,115.13,165.19,149.21,105.09,117.15,75.07,132.12,89.09,181.19,121.16,132.12,165.19,181.19,133.1,75.07,204.23,105.09,155.16,165.19,105.09,146.15,105.09,75.07,117.15,181.19,75.07,181.19,119.12,119.12,131.17,132.12,132.12,149.21,75.07,,,174.2,89.09,115.13,174.2,131.17,121.16,115.13,181.19,131.17,146.19,89.09,174.2,132.12,117.15,132.12,165.19,132.12,117.15,146.15,75.07,117.15,119.12,147.13,105.09,174.2,132.12,146.19,131.17,119.12,-,-,-,-,-,-,-,-,-,-,-,-,-,-,-,-,-,-,-,-,-,,,115.13,147.13,89.09,147.13,149.21,75.07,89.09,89.09,119.12,119.12,133.1,155.16,89.09,165.19,132.12,155.16,119.12,146.19,131.17,105.09,132.12,131.17,75.07,146.15,89.09,149.21,147.13,165.19,105.09,89.09,146.19,146.19,105.09,119.12,-,-,-,133.1,146.15,119.12,75.07,115.13,146.15,119.12,89.09,117.15,155.16,132.12,89.09,75.07,149.21,75.07,117.15,89.09,117.15,75.07,132.12,131.17,119.12,131.17,165.19,115.13,,,131.17,146.15,115.13,75.07,155.16,133.1,105.09,117.15,131.17,146.19,155.16,119.12,131.17,131.17,75.07,147.13,131.17,131.17,132.12,181.19,181.19,89.09,,,115.13,204.23,131.17,105.09,146.15,119.12,132.12,181.19,174.2,181.19,117.15,119.12,105.09,133.1,89.09,181.19,119.12,133.1,89.09,75.07,,,131.17,131.17,174.2,133.1,119.12,115.13,165.19,131.17,119.12,146.15,146.15,89.09,131.17,165.19,146.15,
